From,To,Line_admittance,Shunt_admittance,Line_current_magnitude,Line_current_phase,current_report,P_line1,P_line1_report,P_line2,P_line1_report_1,Q_line1,Q_line2,P_loss,Q_loss,Power_factor,Power_factor_report
1,2,-3.81562881562882+19.0781440781441i,0.05125,0.474244725545728,-35.3279277993825,underload,38.6915322670674,normal,-38.4648249428818,normal,22.2984557980192,-31.2363185553958,0.226707324185607,-8.9378627573766,0.866414071584859,normal
1,3,-5.16956162117453+25.8478081058726i,0.03875,1.17743027073295,-33.5587566484381,normal,98.1175456116216,normal,-97.0861071320475,normal,61.2123848570836,-63.5687024084258,1.03143847957408,-2.35631755134217,0.848429720218562,underload
2,4,-5.16956162117453+25.8478081058726i,0.03875,1.5184693318807,150.876283263839,overload,-131.535175050748,normal,133.250652389973,normal,-74.1136814486486,74.9195576392287,1.71547733922549,0.805876190580071,0.871221121335485,overload
3,4,-3.02370585389453+15.1185292694727i,0.06375,1.20123584554884,150.273386693288,overload,-102.913892878015,normal,104.749347610051,normal,-60.3712975844039,56.9300855216817,1.83545473203518,-3.44121206272217,0.862542657059364,normal
